{
   "dashboards": [{
      "autoswitchEnabled": false,
      "columnCount": 1,
      "columnProportion": "1-1",
      "creationTime": 1665839187382,
      "dashboardNavigations": {},
      "description": "",
      "disabled": false,
      "gridsterMaxColumns": 12,
      "hidden": false,
      "homeTab": false,
      "id": "53113a35-3261-4175-8aff-99e4a4288148",
      "importAttempts": 0,
      "importComplete": true,
      "lastUpdateTime": 1668174671720,
      "lastUpdateUserId": "287ed085-c6ca-4255-b69c-956f1665ed51",
      "locked": false,
      "name": "Custom Dashboards/Clusters | ESXI Hosts | VMs",
      "namePath": "Custom Dashboards",
      "rank": 0,
      "shared": false,
      "states": [{
         "key": "permDashboardTime_dashboard_53113a35-3261-4175-8aff-99e4a4288148",
         "value": "o%3AdateRange%3Ds%253Alast7Days%5EdateRangeText%3Ds%253A7D"
      }],
      "temporary": false,
      "userId": "287ed085-c6ca-4255-b69c-956f1665ed51",
      "widgetInteractions": [
         {
            "type": "resourceId",
            "widgetIdProvider": "ff21f91c-0a05-4c57-a63c-deeeb3e40cd7",
            "widgetIdReceiver": "36d6b4d1-3af1-490f-8482-e3dca1fccc4f"
         },
         {
            "type": "resourceId",
            "widgetIdProvider": "36d6b4d1-3af1-490f-8482-e3dca1fccc4f",
            "widgetIdReceiver": "576bbbde-9620-4092-8553-16b89bc02279"
         },
         {
            "type": "resourceId",
            "widgetIdProvider": "ff21f91c-0a05-4c57-a63c-deeeb3e40cd7",
            "widgetIdReceiver": "283db529-66a3-4cf9-bd56-373d26f05f5e"
         },
         {
            "type": "resourceId",
            "widgetIdProvider": "ff21f91c-0a05-4c57-a63c-deeeb3e40cd7",
            "widgetIdReceiver": "d70c6af6-2f9d-47aa-848d-0bec5bda8e90"
         },
         {
            "type": "resourceId",
            "widgetIdProvider": "36d6b4d1-3af1-490f-8482-e3dca1fccc4f",
            "widgetIdReceiver": "0511de5c-1bd2-4184-9b00-f62a032298af"
         },
         {
            "type": "resourceId",
            "widgetIdProvider": "36d6b4d1-3af1-490f-8482-e3dca1fccc4f",
            "widgetIdReceiver": "e2d4a6a4-c39c-4828-8a32-2e97ae6ee408"
         }
      ],
      "widgets": [
         {
            "collapsed": false,
            "config": {
               "chartViewItems": [],
               "isUpdatedView": true,
               "refreshContent": {"refreshContent": true},
               "refreshInterval": 300,
               "resource": {
                  "id": "Ext.vcops.chrome.model.Resource-18",
                  "resourceId": "resource:id:0_::_",
                  "resourceKindId": "002006VMWAREvSphere World",
                  "resourceName": "vSphere World",
                  "traversalSpecId": ""
               },
               "selectFirstRow": {"selectFirstRow": true},
               "selfProvider": {"selfProvider": true},
               "title": "Clusters",
               "traversalSpecId": null,
               "viewDefinitionId": "bc336601-7ef2-40e0-b781-42d9657b10e8"
            },
            "gridsterCoords": {
               "h": 7,
               "w": 12,
               "x": 1,
               "y": 1
            },
            "height": 380,
            "id": "ff21f91c-0a05-4c57-a63c-deeeb3e40cd7",
            "states": [
               {
                  "key": "perm_isDashboardTime_widget_53113a35-3261-4175-8aff-99e4a4288148_ff21f91c-0a05-4c57-a63c-deeeb3e40cd7",
                  "value": "b%3A0"
               },
               {
                  "key": "perm_toolbarVisible_widget_53113a35-3261-4175-8aff-99e4a4288148_ff21f91c-0a05-4c57-a63c-deeeb3e40cd7",
                  "value": "b%3A1"
               },
               {
                  "key": "permSelectedDate_widget_53113a35-3261-4175-8aff-99e4a4288148_ff21f91c-0a05-4c57-a63c-deeeb3e40cd7",
                  "value": "s%3A%7B%22minType%22%3A%22.TimeIntervalControl%22%2C%22advancedTimeMode%22%3Afalse%2C%22fromTime%22%3Anull%2C%22unit%22%3A%22DAYS%22%2C%22count%22%3A30%2C%22priorUnit%22%3Anull%2C%22priorCount%22%3Anull%2C%22startSubUnit%22%3Anull%2C%22startPeriod%22%3Anull%2C%22toTime%22%3Anull%2C%22endUnit%22%3Anull%2C%22endCount%22%3Anull%2C%22endSubUnit%22%3Anull%2C%22endPeriod%22%3Anull%2C%22isRealTimeData%22%3Anull%2C%22mondayHours%22%3A%5B%5D%2C%22tuesdayHours%22%3A%5B%5D%2C%22wednesdayHours%22%3A%5B%5D%2C%22thursdayHours%22%3A%5B%5D%2C%22fridayHours%22%3A%5B%5D%2C%22saturdayHours%22%3A%5B%5D%2C%22sundayHours%22%3A%5B%5D%7D"
               },
               {
                  "key": "permPageSize_widget_53113a35-3261-4175-8aff-99e4a4288148_ff21f91c-0a05-4c57-a63c-deeeb3e40cd7",
                  "value": "n%3A100"
               }
            ],
            "title": "Clusters",
            "type": "View"
         },
         {
            "collapsed": false,
            "config": {
               "chartViewItems": [],
               "isUpdatedView": true,
               "refreshContent": {"refreshContent": true},
               "refreshInterval": 300,
               "resource": null,
               "selectFirstRow": {"selectFirstRow": true},
               "selfProvider": {"selfProvider": false},
               "title": "ESXi Hosts (for selected Cluster)",
               "traversalSpecId": "",
               "viewDefinitionId": "b0649e29-98f1-4ae8-a71f-43e59d576260"
            },
            "gridsterCoords": {
               "h": 5,
               "w": 12,
               "x": 1,
               "y": 14
            },
            "height": 266,
            "id": "36d6b4d1-3af1-490f-8482-e3dca1fccc4f",
            "states": [
               {
                  "key": "perm_isDashboardTime_widget_53113a35-3261-4175-8aff-99e4a4288148_36d6b4d1-3af1-490f-8482-e3dca1fccc4f",
                  "value": "b%3A0"
               },
               {
                  "key": "perm_toolbarVisible_widget_53113a35-3261-4175-8aff-99e4a4288148_36d6b4d1-3af1-490f-8482-e3dca1fccc4f",
                  "value": "b%3A1"
               }
            ],
            "title": "ESXi Hosts (for selected Cluster)",
            "type": "View"
         },
         {
            "collapsed": false,
            "config": {
               "chartViewItems": [],
               "isUpdatedView": true,
               "refreshContent": {"refreshContent": true},
               "refreshInterval": 300,
               "resource": null,
               "selectFirstRow": {"selectFirstRow": true},
               "selfProvider": {"selfProvider": false},
               "title": "VMs (for selected ESXi Host)",
               "traversalSpecId": "",
               "viewDefinitionId": "60a9e3eb-5db9-4255-80f3-2ae3f2c46d30"
            },
            "gridsterCoords": {
               "h": 9,
               "w": 12,
               "x": 1,
               "y": 25
            },
            "height": 495,
            "id": "576bbbde-9620-4092-8553-16b89bc02279",
            "states": [
               {
                  "key": "perm_toolbarVisible_widget_53113a35-3261-4175-8aff-99e4a4288148_576bbbde-9620-4092-8553-16b89bc02279",
                  "value": "b%3A1"
               },
               {
                  "key": "perm_isDashboardTime_widget_53113a35-3261-4175-8aff-99e4a4288148_576bbbde-9620-4092-8553-16b89bc02279",
                  "value": "b%3A0"
               },
               {
                  "key": "permSelectedDate_widget_53113a35-3261-4175-8aff-99e4a4288148_576bbbde-9620-4092-8553-16b89bc02279",
                  "value": "s%3A%7B%22minType%22%3A%22.TimeIntervalControl%22%2C%22advancedTimeMode%22%3Afalse%2C%22fromTime%22%3Anull%2C%22unit%22%3A%22MONTHS%22%2C%22count%22%3A6%2C%22priorUnit%22%3Anull%2C%22priorCount%22%3Anull%2C%22startSubUnit%22%3Anull%2C%22startPeriod%22%3Anull%2C%22toTime%22%3Anull%2C%22endUnit%22%3Anull%2C%22endCount%22%3Anull%2C%22endSubUnit%22%3Anull%2C%22endPeriod%22%3Anull%2C%22isRealTimeData%22%3Anull%2C%22mondayHours%22%3A%5B%5D%2C%22tuesdayHours%22%3A%5B%5D%2C%22wednesdayHours%22%3A%5B%5D%2C%22thursdayHours%22%3A%5B%5D%2C%22fridayHours%22%3A%5B%5D%2C%22saturdayHours%22%3A%5B%5D%2C%22sundayHours%22%3A%5B%5D%7D"
               }
            ],
            "title": "VMs (for selected ESXi Host)",
            "type": "View"
         },
         {
            "collapsed": false,
            "config": {
               "chartViewItems": ["legend"],
               "isUpdatedView": true,
               "refreshContent": {"refreshContent": true},
               "refreshInterval": 300,
               "resource": null,
               "selectFirstRow": {"selectFirstRow": false},
               "selfProvider": {"selfProvider": false},
               "title": "VM CPU Usage (for selected Cluster)",
               "traversalSpecId": "",
               "viewDefinitionId": "02a1b6e1-ca93-49c5-902c-fcf0b7ae3c2b"
            },
            "gridsterCoords": {
               "h": 6,
               "w": 6,
               "x": 1,
               "y": 8
            },
            "height": 324,
            "id": "283db529-66a3-4cf9-bd56-373d26f05f5e",
            "states": [
               {
                  "key": "perm_toolbarVisible_widget_53113a35-3261-4175-8aff-99e4a4288148_283db529-66a3-4cf9-bd56-373d26f05f5e",
                  "value": "b%3A1"
               },
               {
                  "key": "permSelectedDate_widget_53113a35-3261-4175-8aff-99e4a4288148_283db529-66a3-4cf9-bd56-373d26f05f5e",
                  "value": "s%3A%7B%22minType%22%3A%22.TimeIntervalControl%22%2C%22count%22%3A%227%22%2C%22unit%22%3A%22DAYS%22%7D"
               },
               {
                  "key": "perm_isDashboardTime_widget_53113a35-3261-4175-8aff-99e4a4288148_283db529-66a3-4cf9-bd56-373d26f05f5e",
                  "value": "b%3A1"
               }
            ],
            "title": "VM CPU Usage (for selected Cluster)",
            "type": "View"
         },
         {
            "collapsed": false,
            "config": {
               "chartViewItems": ["legend"],
               "isUpdatedView": true,
               "refreshContent": {"refreshContent": true},
               "refreshInterval": 300,
               "resource": null,
               "selectFirstRow": {"selectFirstRow": false},
               "selfProvider": {"selfProvider": false},
               "title": "VM CPU Usage (for selected ESXi Host)",
               "traversalSpecId": "",
               "viewDefinitionId": "02a1b6e1-ca93-49c5-902c-fcf0b7ae3c2b"
            },
            "gridsterCoords": {
               "h": 6,
               "w": 6,
               "x": 1,
               "y": 19
            },
            "height": 324,
            "id": "0511de5c-1bd2-4184-9b00-f62a032298af",
            "states": [
               {
                  "key": "permPageSize_widget_53113a35-3261-4175-8aff-99e4a4288148_0511de5c-1bd2-4184-9b00-f62a032298af",
                  "value": "n%3A100"
               },
               {
                  "key": "perm_toolbarVisible_widget_53113a35-3261-4175-8aff-99e4a4288148_0511de5c-1bd2-4184-9b00-f62a032298af",
                  "value": "b%3A1"
               },
               {
                  "key": "permSelectedDate_widget_53113a35-3261-4175-8aff-99e4a4288148_0511de5c-1bd2-4184-9b00-f62a032298af",
                  "value": "s%3A%7B%22minType%22%3A%22.TimeIntervalControl%22%2C%22count%22%3A%227%22%2C%22unit%22%3A%22DAYS%22%7D"
               },
               {
                  "key": "perm_isDashboardTime_widget_53113a35-3261-4175-8aff-99e4a4288148_0511de5c-1bd2-4184-9b00-f62a032298af",
                  "value": "b%3A1"
               }
            ],
            "title": "VM CPU Usage (for selected ESXi Host)",
            "type": "View"
         },
         {
            "collapsed": false,
            "config": {
               "chartViewItems": ["legend"],
               "isUpdatedView": true,
               "refreshContent": {"refreshContent": true},
               "refreshInterval": 300,
               "resource": null,
               "selectFirstRow": {"selectFirstRow": false},
               "selfProvider": {"selfProvider": false},
               "title": "VM Memory Used (for selected Cluster)",
               "traversalSpecId": "",
               "viewDefinitionId": "5c80006c-ed3b-43b0-b9eb-eeba066239e4"
            },
            "gridsterCoords": {
               "h": 6,
               "w": 6,
               "x": 7,
               "y": 8
            },
            "height": 324,
            "id": "d70c6af6-2f9d-47aa-848d-0bec5bda8e90",
            "states": [
               {
                  "key": "perm_toolbarVisible_widget_53113a35-3261-4175-8aff-99e4a4288148_d70c6af6-2f9d-47aa-848d-0bec5bda8e90",
                  "value": "b%3A1"
               },
               {
                  "key": "perm_isDashboardTime_widget_53113a35-3261-4175-8aff-99e4a4288148_d70c6af6-2f9d-47aa-848d-0bec5bda8e90",
                  "value": "b%3A1"
               },
               {
                  "key": "permPageSize_widget_53113a35-3261-4175-8aff-99e4a4288148_d70c6af6-2f9d-47aa-848d-0bec5bda8e90",
                  "value": "n%3A100"
               },
               {
                  "key": "permSelectedDate_widget_53113a35-3261-4175-8aff-99e4a4288148_d70c6af6-2f9d-47aa-848d-0bec5bda8e90",
                  "value": "s%3A%7B%22minType%22%3A%22.TimeIntervalControl%22%2C%22count%22%3A%227%22%2C%22unit%22%3A%22DAYS%22%7D"
               }
            ],
            "title": "VM Memory Used (for selected Cluster)",
            "type": "View"
         },
         {
            "collapsed": false,
            "config": {
               "chartViewItems": ["legend"],
               "isUpdatedView": true,
               "refreshContent": {"refreshContent": true},
               "refreshInterval": 300,
               "resource": null,
               "selectFirstRow": {"selectFirstRow": false},
               "selfProvider": {"selfProvider": false},
               "title": "VM Memory Used (for selected ESXi Host)",
               "traversalSpecId": "",
               "viewDefinitionId": "5c80006c-ed3b-43b0-b9eb-eeba066239e4"
            },
            "gridsterCoords": {
               "h": 6,
               "w": 6,
               "x": 7,
               "y": 19
            },
            "height": 324,
            "id": "e2d4a6a4-c39c-4828-8a32-2e97ae6ee408",
            "states": [
               {
                  "key": "perm_toolbarVisible_widget_53113a35-3261-4175-8aff-99e4a4288148_e2d4a6a4-c39c-4828-8a32-2e97ae6ee408",
                  "value": "b%3A1"
               },
               {
                  "key": "permSelectedDate_widget_53113a35-3261-4175-8aff-99e4a4288148_e2d4a6a4-c39c-4828-8a32-2e97ae6ee408",
                  "value": "s%3A%7B%22minType%22%3A%22.TimeIntervalControl%22%2C%22count%22%3A%227%22%2C%22unit%22%3A%22DAYS%22%7D"
               },
               {
                  "key": "perm_isDashboardTime_widget_53113a35-3261-4175-8aff-99e4a4288148_e2d4a6a4-c39c-4828-8a32-2e97ae6ee408",
                  "value": "b%3A1"
               },
               {
                  "key": "permPageSize_widget_53113a35-3261-4175-8aff-99e4a4288148_e2d4a6a4-c39c-4828-8a32-2e97ae6ee408",
                  "value": "n%3A100"
               }
            ],
            "title": "VM Memory Used (for selected ESXi Host)",
            "type": "View"
         },
         {
            "collapsed": false,
            "config": {
               "chartViewItems": ["legend"],
               "isUpdatedView": true,
               "refreshContent": {"refreshContent": true},
               "refreshInterval": 300,
               "resource": {
                  "id": "Ext.vcops.chrome.model.Resource-176",
                  "resourceId": "resource:id:0_::_",
                  "resourceKindId": "002006VMWAREvSphere World",
                  "resourceName": "vSphere World",
                  "traversalSpecId": ""
               },
               "selectFirstRow": {"selectFirstRow": false},
               "selfProvider": {"selfProvider": true},
               "title": "CPU Usage (All VMs)",
               "traversalSpecId": null,
               "viewDefinitionId": "02a1b6e1-ca93-49c5-902c-fcf0b7ae3c2b"
            },
            "gridsterCoords": {
               "h": 8,
               "w": 6,
               "x": 1,
               "y": 34
            },
            "height": 438,
            "id": "14128f33-c075-4d7e-92b0-9b518d653725",
            "states": [
               {
                  "key": "permSelectedDate_widget_53113a35-3261-4175-8aff-99e4a4288148_14128f33-c075-4d7e-92b0-9b518d653725",
                  "value": "s%3A%7B%22minType%22%3A%22.TimeIntervalControl%22%2C%22count%22%3A%227%22%2C%22unit%22%3A%22DAYS%22%7D"
               },
               {
                  "key": "perm_isDashboardTime_widget_53113a35-3261-4175-8aff-99e4a4288148_14128f33-c075-4d7e-92b0-9b518d653725",
                  "value": "b%3A1"
               },
               {
                  "key": "permPageSize_widget_53113a35-3261-4175-8aff-99e4a4288148_14128f33-c075-4d7e-92b0-9b518d653725",
                  "value": "n%3A100"
               },
               {
                  "key": "perm_toolbarVisible_widget_53113a35-3261-4175-8aff-99e4a4288148_14128f33-c075-4d7e-92b0-9b518d653725",
                  "value": "b%3A1"
               }
            ],
            "title": "CPU Usage (All VMs)",
            "type": "View"
         },
         {
            "collapsed": false,
            "config": {
               "chartViewItems": ["legend"],
               "isUpdatedView": true,
               "refreshContent": {"refreshContent": true},
               "refreshInterval": 300,
               "resource": {
                  "id": "Ext.vcops.chrome.model.Resource-1",
                  "resourceId": "resource:id:0_::_",
                  "resourceKindId": "002006VMWAREvSphere World",
                  "resourceName": "vSphere World",
                  "traversalSpecId": ""
               },
               "selectFirstRow": {"selectFirstRow": false},
               "selfProvider": {"selfProvider": true},
               "title": "Memory Used (all VMs)",
               "traversalSpecId": null,
               "viewDefinitionId": "5c80006c-ed3b-43b0-b9eb-eeba066239e4"
            },
            "gridsterCoords": {
               "h": 8,
               "w": 6,
               "x": 7,
               "y": 34
            },
            "height": 437,
            "id": "6ed80e8b-7c7b-4695-9d40-d853f9119cfc",
            "states": [
               {
                  "key": "permSelectedDate_widget_53113a35-3261-4175-8aff-99e4a4288148_6ed80e8b-7c7b-4695-9d40-d853f9119cfc",
                  "value": "s%3A%7B%22minType%22%3A%22.TimeIntervalControl%22%2C%22count%22%3A%227%22%2C%22unit%22%3A%22DAYS%22%7D"
               },
               {
                  "key": "perm_toolbarVisible_widget_53113a35-3261-4175-8aff-99e4a4288148_6ed80e8b-7c7b-4695-9d40-d853f9119cfc",
                  "value": "b%3A1"
               },
               {
                  "key": "perm_isDashboardTime_widget_53113a35-3261-4175-8aff-99e4a4288148_6ed80e8b-7c7b-4695-9d40-d853f9119cfc",
                  "value": "b%3A1"
               },
               {
                  "key": "permPageSize_widget_53113a35-3261-4175-8aff-99e4a4288148_6ed80e8b-7c7b-4695-9d40-d853f9119cfc",
                  "value": "n%3A100"
               }
            ],
            "title": "Memory Used (all VMs)",
            "type": "View"
         }
      ]
   }],
   "entries": {"resource": [{
      "adapterKindKey": "VMWARE",
      "identifiers": [],
      "internalId": "resource:id:0_::_",
      "name": "vSphere World",
      "resourceKindKey": "vSphere World"
   }]},
   "uuid": "098560af-2709-4627-9fb3-47d806028dd7"
}